{
  "Delete Activity" : {
    "transaction" : "Delete Activity",
    "sampleCount" : 2,
    "errorCount" : 0,
    "errorPct" : 0.0,
    "meanResTime" : 220.5,
    "medianResTime" : 220.5,
    "minResTime" : 219.0,
    "maxResTime" : 222.0,
    "pct1ResTime" : 222.0,
    "pct2ResTime" : 222.0,
    "pct3ResTime" : 222.0,
    "throughput" : 8.81057268722467,
    "receivedKBytesPerSec" : 1.8154598017621144,
    "sentKBytesPerSec" : 2.0305616740088106
  },
  "GET All Activities" : {
    "transaction" : "GET All Activities",
    "sampleCount" : 2,
    "errorCount" : 0,
    "errorPct" : 0.0,
    "meanResTime" : 1805.5,
    "medianResTime" : 1805.5,
    "minResTime" : 1634.0,
    "maxResTime" : 1977.0,
    "pct1ResTime" : 1977.0,
    "pct2ResTime" : 1977.0,
    "pct3ResTime" : 1977.0,
    "throughput" : 1.0116337885685383,
    "receivedKBytesPerSec" : 3.071454539706626,
    "sentKBytesPerSec" : 0.20943980778958016
  },
  "Total" : {
    "transaction" : "Total",
    "sampleCount" : 8,
    "errorCount" : 0,
    "errorPct" : 0.0,
    "meanResTime" : 617.6249999999999,
    "medianResTime" : 222.0,
    "minResTime" : 219.0,
    "maxResTime" : 1977.0,
    "pct1ResTime" : 1977.0,
    "pct2ResTime" : 1977.0,
    "pct3ResTime" : 1977.0,
    "throughput" : 3.015454202789295,
    "receivedKBytesPerSec" : 2.8299330946098755,
    "sentKBytesPerSec" : 0.7369310686015831
  },
  "Update Activity" : {
    "transaction" : "Update Activity",
    "sampleCount" : 2,
    "errorCount" : 0,
    "errorPct" : 0.0,
    "meanResTime" : 222.5,
    "medianResTime" : 222.5,
    "minResTime" : 220.0,
    "maxResTime" : 225.0,
    "pct1ResTime" : 225.0,
    "pct2ResTime" : 225.0,
    "pct3ResTime" : 225.0,
    "throughput" : 8.88888888888889,
    "receivedKBytesPerSec" : 2.2743055555555554,
    "sentKBytesPerSec" : 2.022569444444444
  },
  "Create new Activity" : {
    "transaction" : "Create new Activity",
    "sampleCount" : 2,
    "errorCount" : 0,
    "errorPct" : 0.0,
    "meanResTime" : 222.0,
    "medianResTime" : 222.0,
    "minResTime" : 222.0,
    "maxResTime" : 222.0,
    "pct1ResTime" : 222.0,
    "pct2ResTime" : 222.0,
    "pct3ResTime" : 222.0,
    "throughput" : 9.00900900900901,
    "receivedKBytesPerSec" : 2.305039414414414,
    "sentKBytesPerSec" : 2.815315315315315
  }
}