{
  "Delete Activity" : {
    "transaction" : "Delete Activity",
    "sampleCount" : 2,
    "errorCount" : 0,
    "errorPct" : 0.0,
    "meanResTime" : 217.5,
    "medianResTime" : 217.5,
    "minResTime" : 215.0,
    "maxResTime" : 220.0,
    "pct1ResTime" : 220.0,
    "pct2ResTime" : 220.0,
    "pct3ResTime" : 220.0,
    "throughput" : 6.666666666666667,
    "receivedKBytesPerSec" : 1.3736979166666667,
    "sentKBytesPerSec" : 1.5364583333333335
  },
  "GET All Activities" : {
    "transaction" : "GET All Activities",
    "sampleCount" : 2,
    "errorCount" : 0,
    "errorPct" : 0.0,
    "meanResTime" : 1103.5,
    "medianResTime" : 1103.5,
    "minResTime" : 900.0,
    "maxResTime" : 1307.0,
    "pct1ResTime" : 1307.0,
    "pct2ResTime" : 1307.0,
    "pct3ResTime" : 1307.0,
    "throughput" : 1.4357501794687726,
    "receivedKBytesPerSec" : 4.3591282304379035,
    "sentKBytesPerSec" : 0.2972451543431443
  },
  "Total" : {
    "transaction" : "Total",
    "sampleCount" : 8,
    "errorCount" : 0,
    "errorPct" : 0.0,
    "meanResTime" : 436.875,
    "medianResTime" : 216.5,
    "minResTime" : 211.0,
    "maxResTime" : 1307.0,
    "pct1ResTime" : 1307.0,
    "pct2ResTime" : 1307.0,
    "pct3ResTime" : 1307.0,
    "throughput" : 3.92349190779794,
    "receivedKBytesPerSec" : 3.6821051986267777,
    "sentKBytesPerSec" : 0.9588416503187837
  },
  "Update Activity" : {
    "transaction" : "Update Activity",
    "sampleCount" : 2,
    "errorCount" : 0,
    "errorPct" : 0.0,
    "meanResTime" : 212.0,
    "medianResTime" : 212.0,
    "minResTime" : 212.0,
    "maxResTime" : 212.0,
    "pct1ResTime" : 212.0,
    "pct2ResTime" : 212.0,
    "pct3ResTime" : 212.0,
    "throughput" : 6.8728522336769755,
    "receivedKBytesPerSec" : 1.758483676975945,
    "sentKBytesPerSec" : 1.5638423539518902
  },
  "Create new Activity" : {
    "transaction" : "Create new Activity",
    "sampleCount" : 2,
    "errorCount" : 0,
    "errorPct" : 0.0,
    "meanResTime" : 214.5,
    "medianResTime" : 214.5,
    "minResTime" : 211.0,
    "maxResTime" : 218.0,
    "pct1ResTime" : 218.0,
    "pct2ResTime" : 218.0,
    "pct3ResTime" : 218.0,
    "throughput" : 6.756756756756757,
    "receivedKBytesPerSec" : 1.728779560810811,
    "sentKBytesPerSec" : 2.1114864864864864
  }
}